{"cameraMode":{"drawMode":0,"name":"Shaded","section":"Shading Mode"},"sceneLighting":true,"audioPlay":false,"sceneViewState":{"m_AlwaysRefresh":false,"showFog":true,"showSkybox":true,"showFlares":true,"showImageEffects":true,"showParticleSystems":true,"showVisualEffectGraphs":true,"m_FxEnabled":true},"in2DMode":false,"pivot":{"x":-2.306515693664551,"y":6.460620403289795,"z":-0.31090784072875979},"rotation":{"x":0.427070677280426,"y":0.047433678060770038,"z":-0.022445708513259889,"w":0.9027034044265747},"size":7.112422466278076,"orthographic":true}