{"cameraMode":{"drawMode":0,"name":"Shaded","section":"Shading Mode"},"sceneLighting":false,"audioPlay":false,"sceneViewState":{"m_AlwaysRefresh":false,"showFog":true,"showSkybox":false,"showFlares":true,"showImageEffects":true,"showParticleSystems":true,"showVisualEffectGraphs":true,"m_FxEnabled":true},"in2DMode":false,"pivot":{"x":-1.616268277168274,"y":0.9990475177764893,"z":2.604559898376465},"rotation":{"x":0.39482995867729189,"y":-0.008268528617918492,"z":0.003553894115611911,"w":0.9187161922454834},"size":0.6064855456352234,"orthographic":true}